{
  "FigureSelectAll": [
    2,
    3,
    4,
    6,
    2,
    4,
    6,
    6,
    5,
    6,
    5,
    6,
    6,
    6,
    6,
    4,
    5,
    4,
    6,
    5,
    6,
    5,
    4,
    5,
    6,
    6,
    6,
    2,
    6,
    3,
    6,
    3,
    5,
    6,
    6,
    4,
    5,
    3,
    4,
    3,
    6,
    6,
    6,
    6,
    6,
    6,
    6,
    6,
    4,
    3,
    6,
    6,
    2,
    4,
    5,
    2,
    6,
    6,
    6,
    5,
    5
  ],
  "Computation": 7.295081967213115,
  "FigureRecallAll": [
    1,
    3,
    2,
    6,
    3,
    4,
    6,
    6,
    5,
    6,
    4,
    6,
    6,
    6,
    6,
    4,
    6,
    3,
    6,
    2,
    5,
    4,
    2,
    6,
    5,
    6,
    5,
    2,
    5,
    2,
    6,
    2,
    3,
    6,
    4,
    4,
    5,
    1,
    3,
    2,
    4,
    6,
    6,
    5,
    6,
    6,
    6,
    6,
    3,
    3,
    6,
    4,
    1,
    5,
    5,
    3,
    6,
    4,
    6,
    5,
    4
  ],
  "VerbalRecall": 31.491803278688526,
  "DigitSpan": 6.934426229508197,
  "Event2": 30,
  "OrientationAll": [
    3,
    3,
    3,
    3,
    3,
    3,
    3,
    3,
    3,
    3,
    3,
    3,
    3,
    3,
    3,
    3,
    3,
    3,
    3,
    3,
    3,
    3,
    3,
    3,
    3,
    3,
    3,
    3,
    3,
    3,
    3,
    3,
    3,
    3,
    3,
    3,
    3,
    3,
    3,
    3,
    3,
    3,
    3,
    3,
    3,
    3,
    3,
    3,
    3,
    3,
    3,
    3,
    3,
    3,
    3,
    3,
    3,
    3,
    3,
    3,
    3
  ],
  "SemanticChoiceAll": [
    30,
    25,
    39,
    39,
    26,
    39,
    31,
    37,
    38,
    42,
    41,
    45,
    31,
    47,
    44,
    40,
    44,
    26,
    21,
    23,
    30,
    45,
    31,
    40,
    46,
    39,
    40,
    38,
    22,
    22,
    40,
    34,
    44,
    44,
    40,
    40,
    38,
    40,
    32,
    35,
    39,
    42,
    33,
    42,
    30,
    26,
    40,
    40,
    34,
    37,
    35,
    38,
    27,
    32,
    40,
    37,
    37,
    49,
    47,
    37,
    41
  ],
  "SemanticChoice": 36.57377049180328,
  "VerbalRecallAll": [
    28,
    35,
    44,
    38,
    27,
    23,
    33,
    48,
    35,
    41,
    13,
    22,
    36,
    45,
    34,
    37,
    35,
    26,
    48,
    31,
    37,
    27,
    32,
    40,
    42,
    46,
    31,
    27,
    25,
    18,
    42,
    13,
    35,
    41,
    32,
    32,
    34,
    15,
    30,
    6,
    19,
    43,
    24,
    32,
    45,
    30,
    39,
    44,
    7,
    17,
    25,
    27,
    30,
    33,
    32,
    20,
    39,
    41,
    43,
    28,
    19
  ],
  "VerbalLearning": 11.934426229508198,
  "DigitSpanAll": [
    3,
    5,
    8,
    8,
    6,
    5,
    7,
    6,
    6,
    8,
    7,
    8,
    8,
    8,
    8,
    8,
    6,
    6,
    8,
    5,
    6,
    7,
    8,
    7,
    8,
    7,
    8,
    8,
    6,
    4,
    4,
    8,
    8,
    8,
    8,
    8,
    6,
    5,
    6,
    6,
    7,
    8,
    7,
    8,
    6,
    8,
    7,
    8,
    7,
    8,
    8,
    8,
    6,
    6,
    7,
    8,
    8,
    7,
    8,
    7,
    6
  ],
  "FigureRecall": 2.5555555555555554,
  "ComputationAll": [
    8,
    8,
    8,
    8,
    7,
    6,
    7,
    8,
    7,
    8,
    8,
    8,
    7,
    8,
    8,
    7,
    7,
    4,
    7,
    8,
    8,
    7,
    8,
    8,
    8,
    7,
    6,
    7,
    8,
    8,
    8,
    8,
    8,
    8,
    8,
    8,
    6,
    8,
    7,
    6,
    8,
    8,
    7,
    7,
    8,
    8,
    8,
    8,
    6,
    6,
    7,
    7,
    8,
    8,
    6,
    8,
    8,
    5,
    5,
    5,
    7
  ],
  "VerbalLearningAll": [
    11,
    12,
    14,
    12,
    10,
    15,
    11,
    12,
    12,
    12,
    8,
    9,
    12,
    12,
    12,
    14,
    12,
    12,
    12,
    12,
    12,
    11,
    12,
    10,
    12,
    12,
    13,
    15,
    13,
    12,
    12,
    6,
    12,
    12,
    12,
    13,
    8,
    12,
    13,
    15,
    16,
    13,
    12,
    12,
    12,
    11,
    12,
    12,
    12,
    14,
    12,
    12,
    11,
    11,
    12,
    10,
    12,
    12,
    12,
    12,
    13
  ],
  "StoryMemory": 8.344262295081966,
  "SemanticRelateAll": [
    15,
    14,
    15,
    15,
    15,
    15,
    15,
    15,
    15,
    15,
    15,
    15,
    11,
    15,
    15,
    15,
    15,
    15,
    15,
    15,
    15,
    15,
    14,
    15,
    15,
    15,
    15,
    15,
    15,
    15,
    15,
    15,
    15,
    15,
    14,
    15,
    15,
    14,
    15,
    14,
    15,
    15,
    15,
    15,
    14,
    12,
    15,
    15,
    14,
    14,
    15,
    15,
    15,
    15,
    15,
    15,
    15,
    15,
    15,
    15,
    15
  ],
  "FirgureRecall": 2.5555555555555554,
  "FigureSelect": 3.4444444444444446,
  "Orientation": 3.0,
  "SemanticRelate": 14.37037037037037,
  "StoryMemoryAll": [
    8,
    9,
    9,
    9,
    7,
    7,
    9,
    9,
    9,
    9,
    8,
    9,
    7,
    9,
    9,
    7,
    8,
    8,
    8,
    10,
    8,
    8,
    10,
    9,
    10,
    10,
    5,
    8,
    8,
    7,
    7,
    8,
    10,
    9,
    9,
    9,
    10,
    8,
    6,
    7,
    6,
    9,
    9,
    8,
    8,
    9,
    8,
    9,
    9,
    8,
    7,
    8,
    7,
    9,
    7,
    8,
    9,
    9,
    8,
    10,
    10
  ],
  "Event1": 29,
  "id": "HC"
}