{
  "FigureRecall": 2.5555555555555554,
  "Computation": 6.333333333333333,
  "StoryMemoryAll": [
    5,
    5,
    7,
    5,
    8,
    8,
    6,
    7,
    6,
    8,
    9,
    5,
    6,
    6,
    5,
    5,
    4,
    8,
    8,
    7,
    8,
    6,
    5,
    9,
    7,
    6,
    7
  ],
  "Event1": 15,
  "FigureSelect": 3.4444444444444446,
  "FirgureRecall": 2.5555555555555554,
  "VerbalRecall": 15.555555555555555,
  "StoryMemory": 6.518518518518518,
  "OrientationAll": [
    3,
    3,
    3,
    3,
    3,
    3,
    3,
    3,
    3,
    3,
    3,
    3,
    3,
    3,
    3,
    3,
    3,
    3,
    3,
    3,
    3,
    3,
    3,
    3,
    3,
    3,
    3
  ],
  "SemanticRelateAll": [
    15,
    15,
    15,
    15,
    15,
    14,
    15,
    6,
    14,
    15,
    15,
    15,
    15,
    15,
    14,
    13,
    15,
    15,
    13,
    15,
    15,
    15,
    15,
    15,
    14,
    15,
    15
  ],
  "DigitSpanAll": [
    3,
    8,
    7,
    6,
    7,
    4.833333333333333,
    4,
    8,
    7,
    5,
    3,
    5,
    5,
    3,
    4,
    1,
    7,
    4,
    7,
    4,
    4,
    5,
    5,
    7,
    6,
    3,
    8
  ],
  "VerbalRecallAll": [
    4,
    18,
    12,
    12,
    20,
    10,
    8,
    19,
    4,
    20,
    11,
    32,
    38,
    9,
    7,
    10,
    9,
    22,
    27,
    21,
    24,
    13,
    20,
    12,
    17,
    9,
    12
  ],
  "DigitSpan": 5.21604938271605,
  "FigureSelectAll": [
    1,
    3,
    3,
    5,
    4,
    1,
    4,
    6,
    5,
    4,
    4,
    4,
    2,
    2,
    3,
    5,
    5,
    5,
    5,
    1,
    2,
    2,
    5,
    2,
    3,
    2,
    5
  ],
  "Event2": 11,
  "Orientation": 3.0,
  "SemanticRelate": 14.37037037037037,
  "SemanticChoiceAll": [
    9,
    37,
    36,
    34,
    31,
    37,
    37,
    26,
    14,
    11,
    34,
    31,
    33,
    20,
    26,
    23,
    26,
    33,
    27,
    25,
    20,
    29,
    24,
    25,
    21,
    10,
    30
  ],
  "VerbalLearning": 10.407407407407407,
  "FigureRecallAll": [
    4,
    1,
    1,
    3,
    2,
    2,
    2,
    5,
    5,
    3,
    4,
    1,
    4,
    1,
    1,
    3,
    5,
    3,
    5,
    1,
    4,
    1,
    2,
    1,
    1,
    1,
    3
  ],
  "SemanticChoice": 26.25925925925926,
  "ComputationAll": [
    6,
    8,
    5,
    7,
    8,
    2,
    5,
    4,
    8,
    8,
    7,
    7,
    8,
    5,
    1,
    7,
    6,
    8,
    8,
    8,
    7,
    7,
    6,
    7,
    7,
    6,
    5
  ],
  "VerbalLearningAll": [
    1,
    8,
    3,
    9,
    4,
    13,
    14,
    15,
    15,
    0,
    13,
    12,
    13,
    16,
    10,
    19,
    14,
    11,
    8,
    10,
    11,
    9,
    14,
    16,
    9,
    7,
    7
  ],
  "id": "MCI"
}